stock	accuracy
台數科	1.000000
台一	1.000000
皇普	1.000000
萬企	0.996283
地球	0.995633
華經	0.983607
大將	0.970414
中福	0.949772
志信	0.948819
嘉泥	0.945946
華映	0.944238
光麗-KY	0.938547
欣高	0.937500
科風	0.937238
幸福	0.925651
樂士	0.925110
台南-KY	0.924686
台船	0.921933
欣欣	0.918919
宏泰	0.918216
