stock	accuracy
恆大	1.000000
華上	0.994413
無敵	0.985075
威致	0.979079
怡華	0.976744
捷泰	0.969925
大飲	0.968037
金橋	0.963303
全坤建	0.956693
理隆	0.952991
安泰銀	0.951673
華友聯	0.943396
華票	0.940520
國化	0.932927
華映	0.929368
大將	0.928571
皇鼎	0.927711
樂士	0.927374
大台北	0.925651
建國	0.921933
