stock	accuracy
天仁	1.000000
欣欣	1.000000
東訊	1.000000
東泥	0.983936
聯德	0.972441
大將	0.972441
大山	0.971311
華映	0.970260
迎廣	0.958333
燁興	0.948598
高林	0.922780
興農	0.921053
一零四	0.917526
勝德	0.914530
金橋	0.914498
宣昶	0.911197
世紀鋼	0.909449
中化	0.909434
麗臺	0.907336
建碁	0.905738
