stock	accuracy
利華	0.899628
宏泰	0.899628
愛山林	0.899628
志聯	0.898039
嘉裕	0.895911
聯華	0.895911
建國	0.893162
官田鋼	0.892193
台中銀	0.892193
台汽電	0.892193
喬福	0.889796
幸福	0.888476
厚生	0.887640
中環	0.884758
台玻	0.879245
台火	0.877323
和益	0.877323
第一店	0.877323
昆盈	0.877323
遠雄港	0.874439
