stock	accuracy
友勁	1.000000
亞翔	1.000000
海光	1.000000
金橋	1.000000
悠克	1.000000
佳大	1.000000
上福	1.000000
彰源	1.000000
盛餘	1.000000
威致	1.000000
千興	1.000000
聚亨	1.000000
南電	1.000000
官田鋼	1.000000
聚碩	1.000000
豐興	1.000000
中鋼構	1.000000
競國	1.000000
春源	1.000000
高興昌	1.000000
