stock	accuracy
程泰	1.000000
本盟	1.000000
欣欣	1.000000
吉祥全	1.000000
阿瘦	1.000000
波力-KY	0.994565
台端	0.964029
華友聯	0.955357
裕豐	0.952756
川飛	0.951807
威致	0.947368
東泥	0.942623
東明-KY	0.941558
達新	0.940520
興航	0.939394
慶豐富	0.934426
大東	0.933071
中福	0.932773
萬企	0.931727
燁興	0.927350
