stock	accuracy
秋雨	1.000000
亞崴	1.000000
裕豐	1.000000
國化	0.995098
偉聯	0.988848
佳和	0.982456
中視	0.974359
台硝	0.970037
威致	0.966480
聚隆	0.960630
欣欣	0.957944
瑞利	0.955390
大將	0.954545
三晃	0.953668
隴華	0.953668
迎廣	0.947955
大台北	0.938525
聯傑	0.938224
天仁	0.934343
萬企	0.930502
