stock	accuracy
士電	1.000000
欣欣	1.000000
華映	0.996283
全國	0.996139
無敵	0.982906
地球	0.971014
幸福	0.967532
欣天然	0.958763
華經	0.949807
力銘	0.945946
萬企	0.945946
怡華	0.937500
東泥	0.935252
新保	0.934363
金橋	0.929907
所羅門	0.927632
旺宏	0.926174
華票	0.921348
麗正	0.918367
志信	0.918216
