stock	accuracy
台南-KY	1.000000
寶徠	1.000000
茂順	1.000000
大眾控	1.000000
大山	1.000000
大統染	1.000000
理隆	1.000000
偉全	1.000000
裕豐	1.000000
信大	1.000000
興航	1.000000
遠雄來	1.000000
欣天然	1.000000
天瀚	1.000000
全國	0.996269
拓凱	0.996269
阿瘦	0.996124
宣昶	0.995951
金橋	0.995935
大毅	0.995833
