stock	accuracy
迎廣	1.000000
科風	0.979079
中福	0.974227
茂矽	0.944238
信大	0.936803
志信	0.930502
台數科	0.926108
燁興	0.923077
雷虎	0.911647
樂士	0.910112
富鼎	0.905512
皇鼎	0.901575
佳和	0.899543
天瀚	0.897436
美亞	0.895911
寶徠	0.895911
偉聯	0.895911
東訊	0.890152
裕豐	0.884170
興航	0.882576
