stock	accuracy
威致	1.000000
佳和	1.000000
南染	1.000000
鈞寶	1.000000
佳大	0.994565
大將	0.990654
東華	0.977528
富爾特	0.973978
信大	0.963855
天仁	0.954338
台南-KY	0.946809
陞泰	0.943925
樂士	0.941176
中福	0.936803
華票	0.936803
大宇	0.934911
關貿	0.922131
晟鈦	0.921260
宏亞	0.917031
一零四	0.916981
