stock	accuracy
高林股	0.897959
全台	0.896947
茂矽	0.895238
宣昶	0.891892
世紀鋼	0.889328
三洋電	0.888476
燁興	0.887640
地球	0.885246
中福	0.883621
華上	0.883333
鎰勝	0.881041
皇鼎	0.880309
益登	0.878327
悠克	0.876543
台火	0.874459
大洋	0.873606
萬洲	0.870588
科嘉-KY	0.867470
夆典	0.866171
幸福	0.863636
