stock	accuracy
欣高	1.000000
宏洲	1.000000
一零四	1.000000
萬企	1.000000
銘旺科	1.000000
佳和	0.994565
裕豐	0.988827
凌群	0.988506
台一	0.988417
大毅	0.988417
威致	0.976077
清惠	0.970260
華友聯	0.964567
無敵	0.964497
皇鼎	0.954918
宏璟	0.953271
科風	0.944238
華映	0.940520
大台北	0.939698
東訊	0.936803
