stock	accuracy
春雨	1.000000
全國	1.000000
樂士	1.000000
味王	1.000000
一詮	1.000000
凌群	1.000000
新海	1.000000
高林	0.983936
國化	0.981308
東訊	0.966480
大將	0.963415
亞崴	0.959108
皇鼎	0.957529
全坤建	0.955390
夏都	0.954545
第一店	0.951673
虹光	0.940520
福壽	0.933086
志信	0.933036
全智科	0.932331
