stock	accuracy
欣高	1.000000
秋雨	1.000000
東華	1.000000
歐格	1.000000
樂士	0.988827
鈞寶	0.984848
高林股	0.976378
互億	0.954918
信大	0.953271
本盟	0.948718
昇陽	0.945607
立益	0.944954
力銘	0.929368
川飛	0.929293
東訊	0.928230
萬企	0.925764
新海	0.924051
建國	0.916318
高林	0.914498
亞力	0.910781
