stock	accuracy
迎廣	1.000000
星通	1.000000
潤泰材	1.000000
立益	1.000000
東明-KY	1.000000
東華	1.000000
南染	1.000000
台端	1.000000
同泰	1.000000
晟鈦	1.000000
信大	1.000000
高林	1.000000
安泰銀	1.000000
新天地	1.000000
華園	1.000000
萬企	1.000000
鈞寶	1.000000
櫻花建	1.000000
華建	1.000000
皇鼎	1.000000
