stock	accuracy
大將	1.000000
華友聯	1.000000
鈞寶	1.000000
皇普	1.000000
全國電	1.000000
榮星	0.994413
志信	0.989418
東訊	0.985646
大山	0.981735
佳和	0.961722
信大	0.958763
台南-KY	0.955056
樂士	0.953975
安泰銀	0.947955
互億	0.947368
特力	0.944238
大東	0.943775
中視	0.942085
金橋	0.941558
華映	0.939394
