stock	accuracy
東華	1.000000
川飛	0.975460
地球	0.967290
倫飛	0.967213
拓凱	0.964497
恆大	0.952381
威致	0.928870
中福	0.922780
東泥	0.921397
天仁	0.920732
三洋電	0.916996
興航	0.916667
建國	0.912134
台航	0.910781
宏亞	0.909449
世紀鋼	0.908297
第一店	0.907063
華園	0.906593
春雨	0.906542
華映	0.905303
